RXCUI,Medication_Label,Estimated_Use_Category_1
861238,24 HR Amphetamine aspartate 1.25 MG / Amphetamine Sulfate 1.25 MG / Dextroamphetamine saccharate 1.25 MG / Dextroamphetamine Sulfate 1.25 MG Extended Release Oral Capsule [Adderall],ADHD Medication - Amphetamine Based (Stimulant)
861222,24 HR Amphetamine aspartate 2.5 MG / Amphetamine Sulfate 2.5 MG / Dextroamphetamine saccharate 2.5 MG / Dextroamphetamine Sulfate 2.5 MG Extended Release Oral Capsule [Adderall],ADHD Medication - Amphetamine Based (Stimulant)
861224,24 HR amphetamine aspartate 3.75 MG / amphetamine sulfate 3.75 MG / dextroamphetamine saccharate 3.75 MG / dextroamphetamine sulfate 3.75 MG Extended Release Oral Capsule [Adderall],ADHD Medication - Amphetamine Based (Stimulant)
861226,24 HR Amphetamine aspartate 5 MG / Amphetamine Sulfate 5 MG / Dextroamphetamine saccharate 5 MG / Dextroamphetamine Sulfate 5 MG Extended Release Oral Capsule [Adderall],ADHD Medication - Amphetamine Based (Stimulant)
861233,24 HR Amphetamine aspartate 7.5 MG / Amphetamine Sulfate 7.5 MG / Dextroamphetamine saccharate 7.5 MG / Dextroamphetamine Sulfate 7.5 MG Extended Release Oral Capsule [Adderall],ADHD Medication - Amphetamine Based (Stimulant)
84815,Adderall,ADHD Medication - Amphetamine Based (Stimulant)
1170619,Adderall Oral Product,ADHD Medication - Amphetamine Based (Stimulant)
1170620,Adderall Pill,ADHD Medication - Amphetamine Based (Stimulant)
1739804,Adzenys,ADHD Medication - Amphetamine Based (Stimulant)
1739808,Adzenys Pill,ADHD Medication - Amphetamine Based (Stimulant)
725,Amphetamine,ADHD Medication - Amphetamine Based (Stimulant)
253146,Amphetamine / Dextroamphetamine,ADHD Medication - Amphetamine Based (Stimulant)
378856,Amphetamine / Dextroamphetamine Extended Release Oral Capsule,ADHD Medication - Amphetamine Based (Stimulant)
540479,Amphetamine / Dextroamphetamine Extended Release Oral Capsule [Adderall],ADHD Medication - Amphetamine Based (Stimulant)
376410,Amphetamine / Dextroamphetamine Oral Tablet,ADHD Medication - Amphetamine Based (Stimulant)
577959,Amphetamine / Dextroamphetamine Oral Tablet [Adderall],ADHD Medication - Amphetamine Based (Stimulant)
1152903,amphetamine / dextroamphetamine Pill,ADHD Medication - Amphetamine Based (Stimulant)
1720583,Amphetamine 2.5 MG/ML,ADHD Medication - Amphetamine Based (Stimulant)
577961,Amphetamine aspartate 5 MG / Amphetamine Sulfate 5 MG / Dextroamphetamine saccharate 5 MG / Dextroamphetamine Sulfate 5 MG Oral Tablet,ADHD Medication - Amphetamine Based (Stimulant)
541365,Amphetamine aspartate 7.5 MG / Amphetamine Sulfate 7.5 MG / Dextroamphetamine saccharate 7.5 MG / Dextroamphetamine Sulfate 7.5 MG Oral Tablet [Adderall],ADHD Medication - Amphetamine Based (Stimulant)
405812,amphetamine aspartate monohydrate,ADHD Medication - Amphetamine Based (Stimulant)
1739802,Amphetamine Extended Release Oral Tablet,ADHD Medication - Amphetamine Based (Stimulant)
1739806,Amphetamine Extended Release Oral Tablet [Adzenys],ADHD Medication - Amphetamine Based (Stimulant)
1152906,Amphetamine Oral Product,ADHD Medication - Amphetamine Based (Stimulant)
370893,Amphetamine Oral Tablet,ADHD Medication - Amphetamine Based (Stimulant)
1600697,Amphetamine Oral Tablet [Evekeo],ADHD Medication - Amphetamine Based (Stimulant)
1152907,Amphetamine Pill,ADHD Medication - Amphetamine Based (Stimulant)
81952,Amphetamine Sulfate,ADHD Medication - Amphetamine Based (Stimulant)
1009144,Amphetamine Sulfate 1.875 MG,ADHD Medication - Amphetamine Based (Stimulant)
1600698,Amphetamine Sulfate 10 MG Oral Tablet [Evekeo],ADHD Medication - Amphetamine Based (Stimulant)
1600699,Amphetamine Sulfate 5 MG [Evekeo],ADHD Medication - Amphetamine Based (Stimulant)
151612,Dexedrine,ADHD Medication - Amphetamine Based (Stimulant)
3288,Dextroamphetamine,ADHD Medication - Amphetamine Based (Stimulant)
2624711,dextroamphetamine 2 MG/HR,ADHD Medication - Amphetamine Based (Stimulant)
371751,Dextroamphetamine Extended Release Oral Capsule,ADHD Medication - Amphetamine Based (Stimulant)
1154564,dextroamphetamine Oral Liquid Product,ADHD Medication - Amphetamine Based (Stimulant)
847178,dextroamphetamine Oral Solution [ProCentra],ADHD Medication - Amphetamine Based (Stimulant)
371753,Dextroamphetamine Oral Tablet,ADHD Medication - Amphetamine Based (Stimulant)
1425334,Dextroamphetamine Oral Tablet [Zenzedi],ADHD Medication - Amphetamine Based (Stimulant)
1154566,dextroamphetamine Pill,ADHD Medication - Amphetamine Based (Stimulant)
221088,Dextroamphetamine saccharate,ADHD Medication - Amphetamine Based (Stimulant)
484709,Dextroamphetamine saccharate 5 MG,ADHD Medication - Amphetamine Based (Stimulant)
3287,Dextroamphetamine Sulfate,ADHD Medication - Amphetamine Based (Stimulant)
884384,Dextroamphetamine Sulfate 10 MG,ADHD Medication - Amphetamine Based (Stimulant)
884527,Dextroamphetamine Sulfate 10 MG [Dexedrine],ADHD Medication - Amphetamine Based (Stimulant)
884520,Dextroamphetamine Sulfate 10 MG Extended Release Oral Capsule,ADHD Medication - Amphetamine Based (Stimulant)
884528,Dextroamphetamine Sulfate 10 MG Extended Release Oral Capsule [Dexedrine],ADHD Medication - Amphetamine Based (Stimulant)
1425337,Dextroamphetamine Sulfate 10 MG Oral Tablet [Zenzedi],ADHD Medication - Amphetamine Based (Stimulant)
1535450,Dextroamphetamine Sulfate 15 MG [Zenzedi],ADHD Medication - Amphetamine Based (Stimulant)
884532,dextroamphetamine sulfate 15 MG Extended Release Oral Capsule,ADHD Medication - Amphetamine Based (Stimulant)
884684,dextroamphetamine sulfate 15 MG Oral Tablet,ADHD Medication - Amphetamine Based (Stimulant)
1535454,dextroamphetamine sulfate 20 MG Oral Tablet,ADHD Medication - Amphetamine Based (Stimulant)
1535456,Dextroamphetamine Sulfate 20 MG Oral Tablet [Zenzedi],ADHD Medication - Amphetamine Based (Stimulant)
578388,Dextroamphetamine Sulfate 3.75 MG,ADHD Medication - Amphetamine Based (Stimulant)
1535470,Dextroamphetamine Sulfate 30 MG Oral Tablet,ADHD Medication - Amphetamine Based (Stimulant)
1535472,Dextroamphetamine Sulfate 30 MG Oral Tablet [Zenzedi],ADHD Medication - Amphetamine Based (Stimulant)
578398,dextroamphetamine sulfate 5 MG,ADHD Medication - Amphetamine Based (Stimulant)
884536,Dextroamphetamine Sulfate 5 MG [Dexedrine],ADHD Medication - Amphetamine Based (Stimulant)
2654487,dextroamphetamine sulfate Oral Tablet [Dexedrine],ADHD Medication - Amphetamine Based (Stimulant)
1720587,Dyanavel,ADHD Medication - Amphetamine Based (Stimulant)
1720590,Dyanavel Oral Liquid Product,ADHD Medication - Amphetamine Based (Stimulant)
1720591,Dyanavel Oral Product,ADHD Medication - Amphetamine Based (Stimulant)
2585457,Dyanavel Pill,ADHD Medication - Amphetamine Based (Stimulant)
1600688,Evekeo,ADHD Medication - Amphetamine Based (Stimulant)
700810,Lisdexamfetamine,ADHD Medication - Amphetamine Based (Stimulant)
1871457,lisdexamfetamine Chewable Tablet [Vyvanse],ADHD Medication - Amphetamine Based (Stimulant)
673579,lisdexamfetamine dimesylate,ADHD Medication - Amphetamine Based (Stimulant)
854831,lisdexamfetamine dimesylate 20 MG [Vyvanse],ADHD Medication - Amphetamine Based (Stimulant)
1871463,lisdexamfetamine dimesylate 20 MG Chewable Tablet [Vyvanse],ADHD Medication - Amphetamine Based (Stimulant)
854832,lisdexamfetamine dimesylate 20 MG Oral Capsule [Vyvanse],ADHD Medication - Amphetamine Based (Stimulant)
854834,lisdexamfetamine dimesylate 30 MG Oral Capsule,ADHD Medication - Amphetamine Based (Stimulant)
854836,lisdexamfetamine dimesylate 30 MG Oral Capsule [Vyvanse],ADHD Medication - Amphetamine Based (Stimulant)
1871459,lisdexamfetamine dimesylate 40 MG Chewable Tablet [Vyvanse],ADHD Medication - Amphetamine Based (Stimulant)
854838,lisdexamfetamine dimesylate 40 MG Oral Capsule,ADHD Medication - Amphetamine Based (Stimulant)
854840,lisdexamfetamine dimesylate 40 MG Oral Capsule [Vyvanse],ADHD Medication - Amphetamine Based (Stimulant)
854852,lisdexamfetamine dimesylate 50 MG Oral Capsule [Vyvanse],ADHD Medication - Amphetamine Based (Stimulant)
1871467,lisdexamfetamine dimesylate 60 MG Chewable Tablet [Vyvanse],ADHD Medication - Amphetamine Based (Stimulant)
854848,lisdexamfetamine dimesylate 60 MG Oral Capsule [Vyvanse],ADHD Medication - Amphetamine Based (Stimulant)
854844,lisdexamfetamine dimesylate 70 MG Oral Capsule [Vyvanse],ADHD Medication - Amphetamine Based (Stimulant)
1164687,Lisdexamfetamine Oral Product,ADHD Medication - Amphetamine Based (Stimulant)
1164688,lisdexamfetamine Pill,ADHD Medication - Amphetamine Based (Stimulant)
6816,Methamphetamine,ADHD Medication - Amphetamine Based (Stimulant)
1161628,Methamphetamine Pill,ADHD Medication - Amphetamine Based (Stimulant)
1927611,Mydayis,ADHD Medication - Amphetamine Based (Stimulant)
1927615,Mydayis Pill,ADHD Medication - Amphetamine Based (Stimulant)
847176,ProCentra,ADHD Medication - Amphetamine Based (Stimulant)
711043,Vyvanse,ADHD Medication - Amphetamine Based (Stimulant)
1871458,Vyvanse Chewable Product,ADHD Medication - Amphetamine Based (Stimulant)
1187603,Vyvanse Oral Product,ADHD Medication - Amphetamine Based (Stimulant)
1187604,Vyvanse Pill,ADHD Medication - Amphetamine Based (Stimulant)
2624706,Xelstrym Transdermal Product,ADHD Medication - Amphetamine Based (Stimulant)
1425332,Zenzedi,ADHD Medication - Amphetamine Based (Stimulant)
899441,24 HR dexmethylphenidate hydrochloride 10 MG Extended Release Oral Capsule [Focalin],ADHD Medication - Methylphenidate Based (Stimulant)
899463,24 HR dexmethylphenidate hydrochloride 15 MG Extended Release Oral Capsule [Focalin],ADHD Medication - Methylphenidate Based (Stimulant)
899487,24 HR dexmethylphenidate hydrochloride 20 MG Extended Release Oral Capsule [Focalin],ADHD Medication - Methylphenidate Based (Stimulant)
899497,24 HR dexmethylphenidate hydrochloride 30 MG Extended Release Oral Capsule [Focalin],ADHD Medication - Methylphenidate Based (Stimulant)
1101934,24 HR dexmethylphenidate hydrochloride 35 MG Extended Release Oral Capsule [Focalin],ADHD Medication - Methylphenidate Based (Stimulant)
1006610,24 HR dexmethylphenidate hydrochloride 40 MG Extended Release Oral Capsule [Focalin],ADHD Medication - Methylphenidate Based (Stimulant)
899513,24 HR dexmethylphenidate hydrochloride 5 MG Extended Release Oral Capsule [Focalin],ADHD Medication - Methylphenidate Based (Stimulant)
1091155,24 HR Methylphenidate Hydrochloride 18 MG Extended Release Oral Tablet,ADHD Medication - Methylphenidate Based (Stimulant)
1091157,24 HR Methylphenidate Hydrochloride 18 MG Extended Release Oral Tablet [Concerta],ADHD Medication - Methylphenidate Based (Stimulant)
1091172,24 HR Methylphenidate Hydrochloride 27 MG Extended Release Oral Tablet [Concerta],ADHD Medication - Methylphenidate Based (Stimulant)
1091187,24 HR Methylphenidate Hydrochloride 36 MG Extended Release Oral Tablet [Concerta],ADHD Medication - Methylphenidate Based (Stimulant)
1312589,24 HR Methylphenidate Hydrochloride 5 MG/ML Extended Release Suspension [Quillivant],ADHD Medication - Methylphenidate Based (Stimulant)
1091212,24 HR Methylphenidate Hydrochloride 54 MG Extended Release Oral Tablet [Concerta],ADHD Medication - Methylphenidate Based (Stimulant)
1091139,30/70 Release 24 HR Methylphenidate Hydrochloride 10 MG Extended Release Oral Capsule [Metadate],ADHD Medication - Methylphenidate Based (Stimulant)
1091178,30/70 Release 24 HR Methylphenidate Hydrochloride 30 MG Extended Release Oral Capsule [Metadate],ADHD Medication - Methylphenidate Based (Stimulant)
1806202,40/60 Release 24 HR methylphenidate hydrochloride 20 MG Extended Release Oral Capsule,ADHD Medication - Methylphenidate Based (Stimulant)
1091167,50/50 Release 24 HR Methylphenidate Hydrochloride 20 MG Extended Release Oral Capsule [Ritalin],ADHD Medication - Methylphenidate Based (Stimulant)
1091145,8 HR Methylphenidate Hydrochloride 10 MG Extended Release Oral Tablet,ADHD Medication - Methylphenidate Based (Stimulant)
1091226,8 HR Methylphenidate Hydrochloride 20 MG Extended Release Oral Tablet [Ritalin],ADHD Medication - Methylphenidate Based (Stimulant)
2119550,Adhansia,ADHD Medication - Methylphenidate Based (Stimulant)
1648175,Aptensio,ADHD Medication - Methylphenidate Based (Stimulant)
1648178,Aptensio Oral Product,ADHD Medication - Methylphenidate Based (Stimulant)
1648179,Aptensio Pill,ADHD Medication - Methylphenidate Based (Stimulant)
2562202,Azstarys,ADHD Medication - Methylphenidate Based (Stimulant)
2562203,Azstarys Oral Product,ADHD Medication - Methylphenidate Based (Stimulant)
2562200,Azstarys Pill,ADHD Medication - Methylphenidate Based (Stimulant)
284704,Concerta,ADHD Medication - Methylphenidate Based (Stimulant)
1168122,Concerta Oral Product,ADHD Medication - Methylphenidate Based (Stimulant)
1168123,Concerta Pill,ADHD Medication - Methylphenidate Based (Stimulant)
1926841,Cotempla,ADHD Medication - Methylphenidate Based (Stimulant)
1926845,Cotempla Oral Product,ADHD Medication - Methylphenidate Based (Stimulant)
1926846,Cotempla Pill,ADHD Medication - Methylphenidate Based (Stimulant)
631252,Daytrana,ADHD Medication - Methylphenidate Based (Stimulant)
1296352,Daytrana Transdermal Product,ADHD Medication - Methylphenidate Based (Stimulant)
352372,dexmethylphenidate,ADHD Medication - Methylphenidate Based (Stimulant)
2562193,dexmethylphenidate 10.4 MG,ADHD Medication - Methylphenidate Based (Stimulant)
2562204,dexmethylphenidate 7.8 MG / serdexmethylphenidate 39.2 MG Oral Capsule [Azstarys],ADHD Medication - Methylphenidate Based (Stimulant)
577227,dexmethylphenidate Extended Release Oral Capsule,ADHD Medication - Methylphenidate Based (Stimulant)
583299,dexmethylphenidate Extended Release Oral Capsule [Focalin],ADHD Medication - Methylphenidate Based (Stimulant)
353105,dexmethylphenidate hydrochloride,ADHD Medication - Methylphenidate Based (Stimulant)
899438,dexmethylphenidate hydrochloride 10 MG,ADHD Medication - Methylphenidate Based (Stimulant)
899440,dexmethylphenidate hydrochloride 10 MG [Focalin],ADHD Medication - Methylphenidate Based (Stimulant)
899548,dexmethylphenidate hydrochloride 10 MG Oral Tablet,ADHD Medication - Methylphenidate Based (Stimulant)
899549,dexmethylphenidate hydrochloride 10 MG Oral Tablet [Focalin],ADHD Medication - Methylphenidate Based (Stimulant)
899462,dexmethylphenidate hydrochloride 15 MG [Focalin],ADHD Medication - Methylphenidate Based (Stimulant)
899559,dexmethylphenidate hydrochloride 2.5 MG Oral Tablet [Focalin],ADHD Medication - Methylphenidate Based (Stimulant)
899484,dexmethylphenidate hydrochloride 20 MG,ADHD Medication - Methylphenidate Based (Stimulant)
899486,dexmethylphenidate hydrochloride 20 MG [Focalin],ADHD Medication - Methylphenidate Based (Stimulant)
1101925,dexmethylphenidate hydrochloride 25 MG,ADHD Medication - Methylphenidate Based (Stimulant)
1101927,dexmethylphenidate hydrochloride 25 MG [Focalin],ADHD Medication - Methylphenidate Based (Stimulant)
899494,dexmethylphenidate hydrochloride 30 MG,ADHD Medication - Methylphenidate Based (Stimulant)
899510,dexmethylphenidate hydrochloride 5 MG,ADHD Medication - Methylphenidate Based (Stimulant)
899512,dexmethylphenidate hydrochloride 5 MG [Focalin],ADHD Medication - Methylphenidate Based (Stimulant)
899518,dexmethylphenidate hydrochloride 5 MG Oral Tablet,ADHD Medication - Methylphenidate Based (Stimulant)
899519,dexmethylphenidate hydrochloride 5 MG Oral Tablet [Focalin],ADHD Medication - Methylphenidate Based (Stimulant)
2649165,dexmethylphenidate hydrochloride Extended Release Oral Capsule,ADHD Medication - Methylphenidate Based (Stimulant)
1157802,dexmethylphenidate Oral Product,ADHD Medication - Methylphenidate Based (Stimulant)
378713,dexmethylphenidate Oral Tablet,ADHD Medication - Methylphenidate Based (Stimulant)
369443,dexmethylphenidate Oral Tablet [Focalin],ADHD Medication - Methylphenidate Based (Stimulant)
1158298,dexmethylphenidate Pill,ADHD Medication - Methylphenidate Based (Stimulant)
352654,Focalin,ADHD Medication - Methylphenidate Based (Stimulant)
1171880,Focalin Oral Product,ADHD Medication - Methylphenidate Based (Stimulant)
1171881,Focalin Pill,ADHD Medication - Methylphenidate Based (Stimulant)
2168839,Jornay,ADHD Medication - Methylphenidate Based (Stimulant)
2168842,Jornay Oral Product,ADHD Medication - Methylphenidate Based (Stimulant)
2168843,Jornay Pill,ADHD Medication - Methylphenidate Based (Stimulant)
594111,Metadate,ADHD Medication - Methylphenidate Based (Stimulant)
1185047,Metadate Oral Product,ADHD Medication - Methylphenidate Based (Stimulant)
1185048,Metadate Pill,ADHD Medication - Methylphenidate Based (Stimulant)
261572,Methylin,ADHD Medication - Methylphenidate Based (Stimulant)
6901,Methylphenidate,ADHD Medication - Methylphenidate Based (Stimulant)
630094,methylphenidate 1.11 MG/HR,ADHD Medication - Methylphenidate Based (Stimulant)
629690,Methylphenidate 3.33 MG/HR,ADHD Medication - Methylphenidate Based (Stimulant)
1926854,Methylphenidate 8.6 MG [Cotempla],ADHD Medication - Methylphenidate Based (Stimulant)
1926855,methylphenidate 8.6 MG Disintegrating Oral Tablet [Cotempla],ADHD Medication - Methylphenidate Based (Stimulant)
2270756,methylphenidate Chewable Extended Release Oral Tablet,ADHD Medication - Methylphenidate Based (Stimulant)
1295383,Methylphenidate Chewable Product,ADHD Medication - Methylphenidate Based (Stimulant)
476365,Methylphenidate Chewable Tablet,ADHD Medication - Methylphenidate Based (Stimulant)
1926838,methylphenidate Disintegrating Oral Product,ADHD Medication - Methylphenidate Based (Stimulant)
1926843,methylphenidate Disintegrating Oral Tablet [Cotempla],ADHD Medication - Methylphenidate Based (Stimulant)
374655,Methylphenidate Extended Release Oral Capsule,ADHD Medication - Methylphenidate Based (Stimulant)
2119552,methylphenidate Extended Release Oral Capsule [Adhansia],ADHD Medication - Methylphenidate Based (Stimulant)
1648177,methylphenidate Extended Release Oral Capsule [Aptensio],ADHD Medication - Methylphenidate Based (Stimulant)
2168841,methylphenidate Extended Release Oral Capsule [Jornay],ADHD Medication - Methylphenidate Based (Stimulant)
630810,Methylphenidate Extended Release Oral Capsule [Metadate],ADHD Medication - Methylphenidate Based (Stimulant)
608682,Methylphenidate Extended Release Oral Capsule [Ritalin],ADHD Medication - Methylphenidate Based (Stimulant)
372862,Methylphenidate Extended Release Oral Tablet,ADHD Medication - Methylphenidate Based (Stimulant)
370331,Methylphenidate Extended Release Oral Tablet [Concerta],ADHD Medication - Methylphenidate Based (Stimulant)
885414,Methylphenidate Extended Release Oral Tablet [Metadate],ADHD Medication - Methylphenidate Based (Stimulant)
2052823,Methylphenidate Extended Release Oral Tablet [Relexxii],ADHD Medication - Methylphenidate Based (Stimulant)
826063,Methylphenidate Extended Release Oral Tablet [Ritalin],ADHD Medication - Methylphenidate Based (Stimulant)
1312582,Methylphenidate Extended Release Suspension,ADHD Medication - Methylphenidate Based (Stimulant)
1312586,methylphenidate Extended Release Suspension [Quillivant],ADHD Medication - Methylphenidate Based (Stimulant)
203188,Methylphenidate Hydrochloride,ADHD Medication - Methylphenidate Based (Stimulant)
1091340,methylphenidate hydrochloride 1 MG/ML,ADHD Medication - Methylphenidate Based (Stimulant)
1091341,Methylphenidate Hydrochloride 1 MG/ML Oral Solution,ADHD Medication - Methylphenidate Based (Stimulant)
1091343,methylphenidate hydrochloride 1 MG/ML Oral Solution [Methylin],ADHD Medication - Methylphenidate Based (Stimulant)
1091136,Methylphenidate Hydrochloride 10 MG,ADHD Medication - Methylphenidate Based (Stimulant)
1091138,Methylphenidate Hydrochloride 10 MG [Metadate],ADHD Medication - Methylphenidate Based (Stimulant)
1091146,methylphenidate hydrochloride 10 MG [Methylin],ADHD Medication - Methylphenidate Based (Stimulant)
1091142,methylphenidate hydrochloride 10 MG [Ritalin],ADHD Medication - Methylphenidate Based (Stimulant)
1091152,methylphenidate hydrochloride 10 MG Chewable Tablet,ADHD Medication - Methylphenidate Based (Stimulant)
1091150,Methylphenidate Hydrochloride 10 MG Oral Tablet,ADHD Medication - Methylphenidate Based (Stimulant)
1091379,Methylphenidate Hydrochloride 10 MG Oral Tablet [Ritalin],ADHD Medication - Methylphenidate Based (Stimulant)
2168837,methylphenidate hydrochloride 100 MG,ADHD Medication - Methylphenidate Based (Stimulant)
1648182,Methylphenidate Hydrochloride 15 MG,ADHD Medication - Methylphenidate Based (Stimulant)
1091154,Methylphenidate Hydrochloride 18 MG,ADHD Medication - Methylphenidate Based (Stimulant)
1091156,Methylphenidate Hydrochloride 18 MG [Concerta],ADHD Medication - Methylphenidate Based (Stimulant)
1091501,Methylphenidate Hydrochloride 2.5 MG Oral Tablet,ADHD Medication - Methylphenidate Based (Stimulant)
1648188,Methylphenidate Hydrochloride 20 MG [Aptensio],ADHD Medication - Methylphenidate Based (Stimulant)
1091162,Methylphenidate Hydrochloride 20 MG [Metadate],ADHD Medication - Methylphenidate Based (Stimulant)
1091392,Methylphenidate Hydrochloride 20 MG Oral Tablet,ADHD Medication - Methylphenidate Based (Stimulant)
1091395,Methylphenidate Hydrochloride 20 MG Oral Tablet [Ritalin],ADHD Medication - Methylphenidate Based (Stimulant)
2119558,methylphenidate hydrochloride 25 MG,ADHD Medication - Methylphenidate Based (Stimulant)
2119560,Methylphenidate Hydrochloride 25 MG [Adhansia],ADHD Medication - Methylphenidate Based (Stimulant)
1091169,Methylphenidate Hydrochloride 27 MG,ADHD Medication - Methylphenidate Based (Stimulant)
1091171,Methylphenidate Hydrochloride 27 MG [Concerta],ADHD Medication - Methylphenidate Based (Stimulant)
1091175,Methylphenidate Hydrochloride 30 MG,ADHD Medication - Methylphenidate Based (Stimulant)
1648191,Methylphenidate Hydrochloride 30 MG [Aptensio],ADHD Medication - Methylphenidate Based (Stimulant)
1091181,methylphenidate hydrochloride 30 MG [Ritalin],ADHD Medication - Methylphenidate Based (Stimulant)
1734928,Methylphenidate Hydrochloride 30 MG Chewable Tablet,ADHD Medication - Methylphenidate Based (Stimulant)
1734930,Methylphenidate Hydrochloride 30 MG Chewable Tablet [QuilliChew],ADHD Medication - Methylphenidate Based (Stimulant)
2119562,methylphenidate hydrochloride 35 MG,ADHD Medication - Methylphenidate Based (Stimulant)
1091184,Methylphenidate Hydrochloride 36 MG,ADHD Medication - Methylphenidate Based (Stimulant)
1091186,Methylphenidate Hydrochloride 36 MG [Concerta],ADHD Medication - Methylphenidate Based (Stimulant)
1091190,Methylphenidate Hydrochloride 40 MG,ADHD Medication - Methylphenidate Based (Stimulant)
1648194,Methylphenidate Hydrochloride 40 MG [Aptensio],ADHD Medication - Methylphenidate Based (Stimulant)
1734952,Methylphenidate Hydrochloride 40 MG [QuilliChew],ADHD Medication - Methylphenidate Based (Stimulant)
1091196,Methylphenidate Hydrochloride 40 MG [Ritalin],ADHD Medication - Methylphenidate Based (Stimulant)
2119566,methylphenidate hydrochloride 45 MG,ADHD Medication - Methylphenidate Based (Stimulant)
1091321,Methylphenidate Hydrochloride 5 MG,ADHD Medication - Methylphenidate Based (Stimulant)
1091323,Methylphenidate Hydrochloride 5 MG [Methylin],ADHD Medication - Methylphenidate Based (Stimulant)
1091499,Methylphenidate Hydrochloride 5 MG [Ritalin],ADHD Medication - Methylphenidate Based (Stimulant)
1091322,Methylphenidate Hydrochloride 5 MG Chewable Tablet,ADHD Medication - Methylphenidate Based (Stimulant)
1091324,methylphenidate hydrochloride 5 MG Chewable Tablet [Methylin],ADHD Medication - Methylphenidate Based (Stimulant)
1091497,Methylphenidate Hydrochloride 5 MG Oral Tablet,ADHD Medication - Methylphenidate Based (Stimulant)
1091500,Methylphenidate Hydrochloride 5 MG Oral Tablet [Ritalin],ADHD Medication - Methylphenidate Based (Stimulant)
1312581,Methylphenidate Hydrochloride 5 MG/ML,ADHD Medication - Methylphenidate Based (Stimulant)
1312585,Methylphenidate Hydrochloride 5 MG/ML [Quillivant],ADHD Medication - Methylphenidate Based (Stimulant)
1648197,Methylphenidate Hydrochloride 50 MG [Aptensio],ADHD Medication - Methylphenidate Based (Stimulant)
1091211,Methylphenidate Hydrochloride 54 MG [Concerta],ADHD Medication - Methylphenidate Based (Stimulant)
1091217,Methylphenidate Hydrochloride 60 MG,ADHD Medication - Methylphenidate Based (Stimulant)
2168862,methylphenidate hydrochloride 80 MG [Jornay],ADHD Medication - Methylphenidate Based (Stimulant)
2661834,methylphenidate hydrochloride Chewable Product,ADHD Medication - Methylphenidate Based (Stimulant)
2655018,methylphenidate hydrochloride Extended Release Oral Capsule [Jornay],ADHD Medication - Methylphenidate Based (Stimulant)
2654306,methylphenidate hydrochloride Oral Tablet [Ritalin],ADHD Medication - Methylphenidate Based (Stimulant)
1162890,methylphenidate Oral Liquid Product,ADHD Medication - Methylphenidate Based (Stimulant)
1163482,Methylphenidate Oral Product,ADHD Medication - Methylphenidate Based (Stimulant)
476368,methylphenidate Oral Solution,ADHD Medication - Methylphenidate Based (Stimulant)
543272,Methylphenidate Oral Solution [Methylin],ADHD Medication - Methylphenidate Based (Stimulant)
372861,Methylphenidate Oral Tablet,ADHD Medication - Methylphenidate Based (Stimulant)
368776,Methylphenidate Oral Tablet [Ritalin],ADHD Medication - Methylphenidate Based (Stimulant)
1163483,Methylphenidate Pill,ADHD Medication - Methylphenidate Based (Stimulant)
1805914,methylphenidate Transdermal System [Daytrana],ADHD Medication - Methylphenidate Based (Stimulant)
1727444,QuilliChew,ADHD Medication - Methylphenidate Based (Stimulant)
1727447,QuilliChew Chewable Product,ADHD Medication - Methylphenidate Based (Stimulant)
1727448,QuilliChew Oral Product,ADHD Medication - Methylphenidate Based (Stimulant)
1727449,QuilliChew Pill,ADHD Medication - Methylphenidate Based (Stimulant)
1312584,Quillivant,ADHD Medication - Methylphenidate Based (Stimulant)
1312587,Quillivant Oral Liquid Product,ADHD Medication - Methylphenidate Based (Stimulant)
1312588,Quillivant Oral Product,ADHD Medication - Methylphenidate Based (Stimulant)
224917,Ritalin,ADHD Medication - Methylphenidate Based (Stimulant)
1185343,Ritalin Oral Product,ADHD Medication - Methylphenidate Based (Stimulant)
1185344,Ritalin Pill,ADHD Medication - Methylphenidate Based (Stimulant)
885880,24 HR Clonidine Hydrochloride 0.2 MG Extended Release Oral Tablet,ADHD Non-Stimulant - Alpha-2 Adrenergic Agonist
862006,24 HR Guanfacine 1 MG Extended Release Oral Tablet,ADHD Non-Stimulant - Alpha-2 Adrenergic Agonist
862015,24 HR Guanfacine 2 MG Extended Release Oral Tablet [Intuniv],ADHD Non-Stimulant - Alpha-2 Adrenergic Agonist
862019,24 HR Guanfacine 3 MG Extended Release Oral Tablet,ADHD Non-Stimulant - Alpha-2 Adrenergic Agonist
862027,24 HR guanfacine 4 MG Extended Release Oral Tablet [Intuniv],ADHD Non-Stimulant - Alpha-2 Adrenergic Agonist
202941,Catapres,ADHD Non-Stimulant - Alpha-2 Adrenergic Agonist
2599,Clonidine,ADHD Non-Stimulant - Alpha-2 Adrenergic Agonist
1008216,Clonidine / cyclothiazide,ADHD Non-Stimulant - Alpha-2 Adrenergic Agonist
2268635,clonidine 0.00417 MG/HR [Catapres],ADHD Non-Stimulant - Alpha-2 Adrenergic Agonist
998678,Clonidine 0.0125 MG/HR,ADHD Non-Stimulant - Alpha-2 Adrenergic Agonist
998680,Clonidine 0.0125 MG/HR [Catapres-TTS-3],ADHD Non-Stimulant - Alpha-2 Adrenergic Agonist
2599282,clonidine 0.17 MG,ADHD Non-Stimulant - Alpha-2 Adrenergic Agonist
371581,Clonidine Extended Release Oral Capsule,ADHD Non-Stimulant - Alpha-2 Adrenergic Agonist
142432,Clonidine Hydrochloride,ADHD Non-Stimulant - Alpha-2 Adrenergic Agonist
884172,Clonidine Hydrochloride 0.1 MG,ADHD Non-Stimulant - Alpha-2 Adrenergic Agonist
884174,Clonidine Hydrochloride 0.1 MG [Catapres],ADHD Non-Stimulant - Alpha-2 Adrenergic Agonist
884173,Clonidine Hydrochloride 0.1 MG Oral Tablet,ADHD Non-Stimulant - Alpha-2 Adrenergic Agonist
884175,Clonidine Hydrochloride 0.1 MG Oral Tablet [Catapres],ADHD Non-Stimulant - Alpha-2 Adrenergic Agonist
1050313,Clonidine Hydrochloride 0.1 MG/ML [Nexiclon],ADHD Non-Stimulant - Alpha-2 Adrenergic Agonist
1233708,Clonidine Hydrochloride 0.15 MG,ADHD Non-Stimulant - Alpha-2 Adrenergic Agonist
1233709,Clonidine Hydrochloride 0.15 MG Oral Tablet,ADHD Non-Stimulant - Alpha-2 Adrenergic Agonist
892792,Clonidine Hydrochloride 0.15 MG/ML,ADHD Non-Stimulant - Alpha-2 Adrenergic Agonist
884184,Clonidine Hydrochloride 0.2 MG,ADHD Non-Stimulant - Alpha-2 Adrenergic Agonist
884186,Clonidine Hydrochloride 0.2 MG [Catapres],ADHD Non-Stimulant - Alpha-2 Adrenergic Agonist
884185,Clonidine Hydrochloride 0.2 MG Oral Tablet,ADHD Non-Stimulant - Alpha-2 Adrenergic Agonist
884187,Clonidine Hydrochloride 0.2 MG Oral Tablet [Catapres],ADHD Non-Stimulant - Alpha-2 Adrenergic Agonist
892794,clonidine hydrochloride 0.25 MG,ADHD Non-Stimulant - Alpha-2 Adrenergic Agonist
884190,Clonidine Hydrochloride 0.3 MG [Catapres],ADHD Non-Stimulant - Alpha-2 Adrenergic Agonist
884189,Clonidine Hydrochloride 0.3 MG Oral Tablet,ADHD Non-Stimulant - Alpha-2 Adrenergic Agonist
884191,Clonidine Hydrochloride 0.3 MG Oral Tablet [Catapres],ADHD Non-Stimulant - Alpha-2 Adrenergic Agonist
884224,clonidine hydrochloride 0.5 MG/ML,ADHD Non-Stimulant - Alpha-2 Adrenergic Agonist
884226,clonidine hydrochloride 0.5 MG/ML [Duraclon],ADHD Non-Stimulant - Alpha-2 Adrenergic Agonist
2660623,clonidine hydrochloride Pill,ADHD Non-Stimulant - Alpha-2 Adrenergic Agonist
1153385,Clonidine Oral Product,ADHD Non-Stimulant - Alpha-2 Adrenergic Agonist
371583,clonidine Oral Tablet,ADHD Non-Stimulant - Alpha-2 Adrenergic Agonist
92089,Clonidine Oral Tablet [Catapres],ADHD Non-Stimulant - Alpha-2 Adrenergic Agonist
1153386,Clonidine Pill,ADHD Non-Stimulant - Alpha-2 Adrenergic Agonist
1806253,Clonidine Transdermal System,ADHD Non-Stimulant - Alpha-2 Adrenergic Agonist
862004,guafacine hydrochloride,ADHD Non-Stimulant - Alpha-2 Adrenergic Agonist
329789,Guanabenz 4 MG,ADHD Non-Stimulant - Alpha-2 Adrenergic Agonist
197743,Guanabenz 4 MG Oral Tablet,ADHD Non-Stimulant - Alpha-2 Adrenergic Agonist
40114,Guanfacine,ADHD Non-Stimulant - Alpha-2 Adrenergic Agonist
330694,Guanfacine 1 MG,ADHD Non-Stimulant - Alpha-2 Adrenergic Agonist
862008,Guanfacine 1 MG [Intuniv],ADHD Non-Stimulant - Alpha-2 Adrenergic Agonist
567250,Guanfacine 1 MG [Tenex],ADHD Non-Stimulant - Alpha-2 Adrenergic Agonist
1092566,guanFACINE 1 MG 24HR Extended Release Oral Tablet (7) / guanFACINE 2 MG 24HR Extended Release Oral Tablet (7) Pack,ADHD Non-Stimulant - Alpha-2 Adrenergic Agonist
197745,Guanfacine 1 MG Oral Tablet,ADHD Non-Stimulant - Alpha-2 Adrenergic Agonist
206412,Guanfacine 1 MG Oral Tablet [Tenex],ADHD Non-Stimulant - Alpha-2 Adrenergic Agonist
329796,Guanfacine 2 MG,ADHD Non-Stimulant - Alpha-2 Adrenergic Agonist
862014,Guanfacine 2 MG [Intuniv],ADHD Non-Stimulant - Alpha-2 Adrenergic Agonist
567251,Guanfacine 2 MG [Tenex],ADHD Non-Stimulant - Alpha-2 Adrenergic Agonist
197746,Guanfacine 2 MG Oral Tablet,ADHD Non-Stimulant - Alpha-2 Adrenergic Agonist
206413,Guanfacine 2 MG Oral Tablet [Tenex],ADHD Non-Stimulant - Alpha-2 Adrenergic Agonist
862018,Guanfacine 3 MG,ADHD Non-Stimulant - Alpha-2 Adrenergic Agonist
862020,Guanfacine 3 MG [Intuniv],ADHD Non-Stimulant - Alpha-2 Adrenergic Agonist
862024,guanfacine 4 MG,ADHD Non-Stimulant - Alpha-2 Adrenergic Agonist
862026,Guanfacine 4 MG [Intuniv],ADHD Non-Stimulant - Alpha-2 Adrenergic Agonist
862005,Guanfacine Extended Release Oral Tablet,ADHD Non-Stimulant - Alpha-2 Adrenergic Agonist
862009,Guanfacine Extended Release Oral Tablet [Intuniv],ADHD Non-Stimulant - Alpha-2 Adrenergic Agonist
203142,Guanfacine Hydrochloride,ADHD Non-Stimulant - Alpha-2 Adrenergic Agonist
1159714,Guanfacine Oral Product,ADHD Non-Stimulant - Alpha-2 Adrenergic Agonist
372368,Guanfacine Oral Tablet,ADHD Non-Stimulant - Alpha-2 Adrenergic Agonist
368914,Guanfacine Oral Tablet [Tenex],ADHD Non-Stimulant - Alpha-2 Adrenergic Agonist
1159715,Guanfacine Pill,ADHD Non-Stimulant - Alpha-2 Adrenergic Agonist
862007,Intuniv,ADHD Non-Stimulant - Alpha-2 Adrenergic Agonist
1173446,Intuniv Oral Product,ADHD Non-Stimulant - Alpha-2 Adrenergic Agonist
1173447,Intuniv Pill,ADHD Non-Stimulant - Alpha-2 Adrenergic Agonist
1013931,Kapvay,ADHD Non-Stimulant - Alpha-2 Adrenergic Agonist
71556,Tenex,ADHD Non-Stimulant - Alpha-2 Adrenergic Agonist
1181447,Tenex Pill,ADHD Non-Stimulant - Alpha-2 Adrenergic Agonist
38400,atomoxetine,ADHD Non-Stimulant - Norepinephrine Reuptake Inhibitor
576011,atomoxetine 10 MG [Strattera],ADHD Non-Stimulant - Norepinephrine Reuptake Inhibitor
352317,atomoxetine 10 MG Oral Capsule [Strattera],ADHD Non-Stimulant - Norepinephrine Reuptake Inhibitor
350674,atomoxetine 18 MG,ADHD Non-Stimulant - Norepinephrine Reuptake Inhibitor
349592,atomoxetine 18 MG Oral Capsule,ADHD Non-Stimulant - Norepinephrine Reuptake Inhibitor
350675,atomoxetine 25 MG,ADHD Non-Stimulant - Norepinephrine Reuptake Inhibitor
576013,atomoxetine 25 MG [Strattera],ADHD Non-Stimulant - Norepinephrine Reuptake Inhibitor
349593,atomoxetine 25 MG Oral Capsule,ADHD Non-Stimulant - Norepinephrine Reuptake Inhibitor
352319,atomoxetine 25 MG Oral Capsule [Strattera],ADHD Non-Stimulant - Norepinephrine Reuptake Inhibitor
576014,atomoxetine 40 MG [Strattera],ADHD Non-Stimulant - Norepinephrine Reuptake Inhibitor
349594,atomoxetine 40 MG Oral Capsule,ADHD Non-Stimulant - Norepinephrine Reuptake Inhibitor
352320,atomoxetine 40 MG Oral Capsule [Strattera],ADHD Non-Stimulant - Norepinephrine Reuptake Inhibitor
350677,atomoxetine 60 MG,ADHD Non-Stimulant - Norepinephrine Reuptake Inhibitor
349595,atomoxetine 60 MG Oral Capsule,ADHD Non-Stimulant - Norepinephrine Reuptake Inhibitor
352321,atomoxetine 60 MG Oral Capsule [Strattera],ADHD Non-Stimulant - Norepinephrine Reuptake Inhibitor
608142,atomoxetine 80 MG,ADHD Non-Stimulant - Norepinephrine Reuptake Inhibitor
608143,atomoxetine 80 MG Oral Capsule,ADHD Non-Stimulant - Norepinephrine Reuptake Inhibitor
353103,atomoxetine hydrochloride,ADHD Non-Stimulant - Norepinephrine Reuptake Inhibitor
378308,atomoxetine Oral Capsule,ADHD Non-Stimulant - Norepinephrine Reuptake Inhibitor
366499,atomoxetine Oral Capsule [Strattera],ADHD Non-Stimulant - Norepinephrine Reuptake Inhibitor
1158283,atomoxetine Pill,ADHD Non-Stimulant - Norepinephrine Reuptake Inhibitor
358330,Strattera,ADHD Non-Stimulant - Norepinephrine Reuptake Inhibitor
895019,Strattera 10/18/25/40 Kit,ADHD Non-Stimulant - Norepinephrine Reuptake Inhibitor
1180205,Strattera Oral Product,ADHD Non-Stimulant - Norepinephrine Reuptake Inhibitor
1180206,Strattera Pill,ADHD Non-Stimulant - Norepinephrine Reuptake Inhibitor
2536758,24 HR viloxazine 200 MG Extended Release Oral Capsule [Qelbree],ADHD Non-Stimulant - Norepinephrine Reuptake Inhibitor
